Longitude (deg),Latitude (deg),Eastward wind (m/s)
89,231,15.634
89,232,18.181
89,233,20.451
89,234,22.005
89,235,23.681
89,236,25.603
89,237,27.377
89,238,29.423
89,239,32.127
89,240,34.556
89,241,36.158
89,242,37.345
89,243,38.791
89,244,40.814
89,245,43.689
89,246,46.314
89,247,47.892
89,248,47.298
89,249,44.72
89,250,42.298
89,251,40.462
89,252,39.017
89,253,38.423
89,254,39.353
89,255,42.658
89,256,44.486
89,257,44.939
89,258,44.533
89,259,43.017
89,260,39.994
89,261,35.806
89,262,31.283
89,263,27.408
89,264,24.373
89,265,21.755
89,266,19.939
89,267,18.654
89,268,17.252
89,269,15.507
89,270,13.927
89,271,12.726
89,272,11.392
89,273,10.017
89,274,9.0911
89,275,8.7772
89,276,9.0376
89,277,9.1753
89,278,9.0165
89,279,9.0142
89,280,9.1592
89,281,9.4397
90,231,15.054
90,232,16.787
90,233,18.763
90,234,20.728
90,235,22.919
90,236,25.259
90,237,27.353
90,238,29.486
90,239,32.189
90,240,34.814
90,241,36.095
90,242,36.783
90,243,38.158
90,244,40.462
90,245,43.455
90,246,46.345
90,247,48.095
90,248,48.767
90,249,47.486
90,250,45.048
90,251,43.22
90,252,41.502
90,253,39.322
90,254,38.916
90,255,42.705
90,256,45.564
90,257,45.486
90,258,44.955
90,259,43.83
90,260,42.002
90,261,39.15
90,262,35.33
90,263,31.439
90,264,27.822
90,265,24.916
90,266,22.529
90,267,20.83
90,268,19.142
90,269,17.029
90,270,15.343
90,271,13.798
90,272,12.268
90,273,10.623
90,274,9.4673
90,275,8.8182
90,276,8.7075
90,277,8.8788
90,278,8.9806
90,279,9.1788
90,280,9.2525
90,281,9.7559
91,231,14.416
91,232,16.238
91,233,17.814
91,234,19.505
91,235,21.603
91,236,23.88
91,237,26.244
91,238,28.962
91,239,32.025
91,240,34.72
91,241,36.056
91,242,36.361
91,243,37.111
91,244,39.431
91,245,42.58
91,246,45.83
91,247,47.955
91,248,48.986
91,249,48.97
91,250,47.627
91,251,45.689
91,252,44.205
91,253,42.017
91,254,40.119
91,255,42.142
91,256,45.595
91,257,46.252
91,258,45.673
91,259,44.627
91,260,43.142
91,261,41.345
91,262,38.791
91,263,35.252
91,264,31.353
91,265,27.892
91,266,25.384
91,267,23.294
91,268,20.334
91,269,18.443
91,270,16.677
91,271,15.087
91,272,13.457
91,273,11.605
91,274,10.02
91,275,8.9599
91,276,8.5271
91,277,8.8632
91,278,8.9886
91,279,9.1751
91,280,9.6958
91,281,10.335
92,231,12.486
92,232,14.935
92,233,17.166
92,234,18.748
92,235,20.341
92,236,22.373
92,237,24.47
92,238,27.072
92,239,30.783
92,240,34.345
92,241,36.252
92,242,36.712
92,243,36.869
92,244,37.955
92,245,40.673
92,246,43.97
92,247,46.845
92,248,48.533
92,249,49.611
92,250,49.502
92,251,48.033
92,252,46.627
92,253,45.095
92,254,42.548
92,255,42.392
92,256,44.892
92,257,46.064
92,258,45.627
92,259,44.58
92,260,43.017
92,261,41.361
92,262,39.712
92,263,37.228
92,264,34.048
92,265,30.556
92,266,28.119
92,267,25.08
92,268,21.748
92,269,19.845
92,270,18.103
92,271,16.451
92,272,14.808
92,273,12.892
92,274,10.954
92,275,9.3619
92,276,8.5654
92,277,8.586
92,278,9.1053
92,279,9.752
92,280,10.362
92,281,11.118
93,231,10.675
93,232,12.916
93,233,15.177
93,234,17.509
93,235,19.666
93,236,21.517
93,237,23.396
93,238,25.478
93,239,28.556
93,240,32.736
93,241,36.017
93,242,37.306
93,243,37.541
93,244,37.65
93,245,38.666
93,246,41.127
93,247,44.236
93,248,46.642
93,249,48.658
93,250,50.252
93,251,50.127
93,252,48.736
93,253,47.658
93,254,45.861
93,255,43.861
93,256,44.502
93,257,45.236
93,258,44.861
93,259,44.377
93,260,44.236
93,261,43.892
93,262,42.627
93,263,40.337
93,264,37.611
93,265,34.384
93,266,31.134
93,267,27.603
93,268,24.283
93,269,21.599
93,270,19.509
93,271,17.798
93,272,16.273
93,273,14.183
93,274,11.818
93,275,9.8194
93,276,8.5555
93,277,8.3589
93,278,9.251
93,279,10.245
93,280,11.221
93,281,12.14
94,231,9.4681
94,232,11.781
94,233,13.726
94,234,15.625
94,235,18.056
94,236,20.81
94,237,22.966
94,238,24.814
94,239,27.103
94,240,30.509
94,241,34.47
94,242,37.189
94,243,38.353
94,244,38.627
94,245,38.47
94,246,39.033
94,247,41.189
94,248,43.923
94,249,46.533
94,250,48.736
94,251,50.627
94,252,50.658
94,253,49.533
94,254,48.705
94,255,47.033
94,256,45.689
94,257,45.392
94,258,45.595
94,259,46.017
94,260,46.33
94,261,46.345
94,262,45.798
94,263,44.252
94,264,41.845
94,265,38.884
94,266,35.494
94,267,31.65
94,268,27.525
94,269,24.209
94,270,21.806
94,271,19.923
94,272,18.134
94,273,15.769
94,274,12.916
94,275,10.216
94,276,8.5101
94,277,8.1541
94,278,9.0404
94,279,10.706
94,280,12.274
94,281,13.564
95,231,7.9439
95,232,10.796
95,233,13.209
95,234,14.808
95,235,16.273
95,236,18.978
95,237,22.189
95,238,24.451
95,239,26.478
95,240,29.212
95,241,32.548
95,242,35.697
95,243,37.869
95,244,39.127
95,245,39.462
95,246,39.205
95,247,39.673
95,248,41.58
95,249,44.314
95,250,47.064
95,251,49.439
95,252,50.955
95,253,50.939
95,254,50.658
95,255,50.127
95,256,48.658
95,257,47.673
95,258,47.58
95,259,47.798
95,260,48.142
95,261,48.033
95,262,47.423
95,263,46.611
95,264,44.814
95,265,42.314
95,266,39.041
95,267,35.337
95,268,31.22
95,269,27.572
95,270,24.814
95,271,22.388
95,272,20.158
95,273,17.591
95,274,14.093
95,275,10.644
95,276,8.4833
95,277,7.917
95,278,8.9192
95,279,10.913
95,280,13.222
95,281,14.974
96,231,6.5122
96,232,9.3777
96,233,12.512
96,234,14.689
96,235,15.466
96,236,17.087
96,237,20.572
96,238,23.787
96,239,25.908
96,240,28.181
96,241,31.072
96,242,33.939
96,243,36.337
96,244,38.361
96,245,39.822
96,246,40.15
96,247,39.97
96,248,40.642
96,249,42.673
96,250,45.314
96,251,47.83
96,252,50.002
96,253,51.392
96,254,51.533
96,255,51.736
96,256,51.689
96,257,50.814
96,258,50.22
96,259,50.408
96,260,50.205
96,261,49.173
96,262,48.127
96,263,47.486
96,264,46.564
96,265,44.47
96,266,41.611
96,267,38.416
96,268,34.869
96,269,31.392
96,270,28.041
96,271,24.72
96,272,22.06
96,273,19.142
96,274,15.24
96,275,11.614
96,276,9.1502
96,277,8.1106
96,278,8.7065
96,279,10.934
96,280,13.632
96,281,16.166
97,231,5.6011
97,232,8.1816
97,233,11.337
97,234,14.093
97,235,15.144
97,236,15.74
97,237,18.662
97,238,22.642
97,239,25.306
97,240,27.314
97,241,29.72
97,242,32.423
97,243,34.798
97,244,36.853
97,245,38.892
97,246,40.408
97,247,40.892
97,248,41.033
97,249,42.127
97,250,44.189
97,251,46.548
97,252,48.673
97,253,50.689
97,254,52.017
97,255,52.627
97,256,53.939
97,257,54.736
97,258,53.861
97,259,52.142
97,260,50.798
97,261,49.767
97,262,49.095
97,263,48.392
97,264,47.455
97,265,45.705
97,266,43.22
97,267,40.642
97,268,37.806
97,269,34.752
97,270,30.759
97,271,27.033
97,272,23.908
97,273,20.595
97,274,16.214
97,275,12.292
97,276,9.8658
97,277,8.9125
97,278,9.5635
97,279,11.621
97,280,14.357
97,281,17.341
98,231,4.9517
98,232,7.3418
98,233,10.058
98,234,12.822
98,235,14.609
98,236,15.259
98,237,17.017
98,238,20.794
98,239,24.314
98,240,26.658
98,241,28.697
98,242,31.087
98,243,33.509
98,244,35.533
98,245,37.533
98,246,39.658
98,247,41.205
98,248,41.892
98,249,42.548
98,250,43.783
98,251,45.439
98,252,47.486
98,253,49.798
98,254,52.377
98,255,54.548
98,256,55.97
98,257,56.252
98,258,54.377
98,259,52.283
98,260,50.58
98,261,49.814
98,262,49.423
98,263,48.752
98,264,47.955
98,265,46.627
98,266,44.642
98,267,42.564
98,268,40.158
98,269,37.619
98,270,33.908
98,271,30.205
98,272,25.97
98,273,21.544
98,274,16.959
98,275,12.998
98,276,10.57
98,277,9.6246
98,278,10.532
98,279,12.669
98,280,15.365
98,281,18.451
99,231,4.0953
99,232,6.4312
99,233,8.9062
99,234,11.559
99,235,13.822
99,236,15.138
99,237,16.273
99,238,18.834
99,239,22.548
99,240,25.681
99,241,27.947
99,242,30.142
99,243,32.455
99,244,34.595
99,245,36.533
99,246,38.603
99,247,40.627
99,248,42.095
99,249,42.955
99,250,43.892
99,251,45.017
99,252,46.72
99,253,49.252
99,254,51.83
99,255,54.127
99,256,54.33
99,257,52.455
99,258,51.798
99,259,52.517
99,260,52.283
99,261,51.189
99,262,50.127
99,263,49.189
99,264,48.673
99,265,48.283
99,266,46.923
99,267,44.877
99,268,42.783
99,269,40.509
99,270,37.525
99,271,33.259
99,272,27.9
99,273,23.037
99,274,17.931
99,275,13.865
99,276,11.063
99,277,10.077
99,278,11.775
99,279,14.103
99,280,16.642
99,281,19.552
100,231,3.273
100,232,5.4449
100,233,7.7886
100,234,10.442
100,235,12.914
100,236,14.73
100,237,16.08
100,238,17.798
100,239,20.474
100,240,23.658
100,241,26.462
100,242,28.923
100,243,31.416
100,244,33.752
100,245,35.752
100,246,37.658
100,247,39.712
100,248,41.673
100,249,43.33
100,250,44.517
100,251,45.439
100,252,46.533
100,253,48.002
100,254,49.752
100,255,50.642
100,256,51.283
100,257,51.861
100,258,52.345
100,259,53.283
100,260,54.47
100,261,54.314
100,262,52.673
100,263,51.377
100,264,50.611
100,265,50.267
100,266,49.798
100,267,48.205
100,268,46.048
100,269,43.689
100,270,40.345
100,271,35.486
100,272,29.666
100,273,24.177
100,274,18.767
100,275,14.527
100,276,11.818
100,277,11.434
100,278,13.457
100,279,15.789
100,280,18.119
100,281,20.865
101,231,2.6246
101,232,4.7427
101,233,6.7227
101,234,9.1726
101,235,11.837
101,236,14.027
101,237,15.685
101,238,17.275
101,239,19.228
101,240,21.627
101,241,24.302
101,242,27.048
101,243,29.853
101,244,32.611
101,245,35.041
101,246,37.134
101,247,39.033
101,248,40.845
101,249,42.767
101,250,44.47
101,251,45.658
101,252,46.564
101,253,47.017
101,254,47.673
101,255,49.127
101,256,50.845
101,257,52.267
101,258,53.408
101,259,54.189
101,260,54.861
101,261,55.767
101,262,55.22
101,263,53.908
101,264,53.252
101,265,52.892
101,266,52.455
101,267,51.314
101,268,48.845
101,269,45.564
101,270,41.814
101,271,37.127
101,272,30.65
101,273,24.013
101,274,19.158
101,275,15.384
101,276,13.326
101,277,13.56
101,278,15.402
101,279,17.47
101,280,19.658
101,281,22.177
102,231,1.8394
102,232,4.1421
102,233,5.9478
102,234,7.9412
102,235,10.521
102,236,13.037
102,237,14.878
102,238,16.498
102,239,18.396
102,240,20.451
102,241,22.591
102,242,25.048
102,243,27.822
102,244,30.775
102,245,33.595
102,246,36.072
102,247,38.275
102,248,40.291
102,249,42.111
102,250,43.72
102,251,45.283
102,252,46.314
102,253,47.002
102,254,47.767
102,255,49.111
102,256,50.892
102,257,52.83
102,258,54.111
102,259,54.845
102,260,55.111
102,261,55.783
102,262,56.673
102,263,56.298
102,264,55.314
102,265,54.533
102,266,53.97
102,267,52.705
102,268,49.986
102,269,46.47
102,270,42.642
102,271,37.736
102,272,31.353
102,273,24.767
102,274,20.158
102,275,17.15
102,276,15.755
102,277,16.447
102,278,17.873
102,279,19.486
102,280,21.443
102,281,23.74
103,231,0.88237
103,232,3.3218
103,233,5.2564
103,234,6.9869
103,235,9.1185
103,236,11.759
103,237,13.978
103,238,15.582
103,239,17.466
103,240,19.658
103,241,21.646
103,242,23.654
103,243,25.986
103,244,28.681
103,245,31.822
103,246,34.877
103,247,37.627
103,248,39.9
103,249,41.658
103,250,43.142
103,251,44.47
103,252,45.845
103,253,47.111
103,254,48.048
103,255,48.986
103,256,50.439
103,257,52.517
103,258,54.236
103,259,55.048
103,260,55.58
103,261,56.002
103,262,57.111
103,263,58.158
103,264,57.267
103,265,54.986
103,266,53.595
103,267,52.252
103,268,50.252
103,269,47.158
103,270,43.58
103,271,38.947
103,272,33.127
103,273,27.002
103,274,22.638
103,275,20.052
103,276,19.021
103,277,19.65
103,278,20.544
103,279,21.584
103,280,23.236
103,281,25.611
104,231,-0.018024
104,232,2.4742
104,233,4.5289
104,234,6.1753
104,235,7.9202
104,236,10.231
104,237,12.82
104,238,14.843
104,239,16.65
104,240,18.845
104,241,21.056
104,242,22.822
104,243,24.705
104,244,27.291
104,245,30.119
104,246,33.056
104,247,35.877
104,248,38.509
104,249,40.752
104,250,42.486
104,251,43.689
104,252,45.205
104,253,46.955
104,254,48.111
104,255,48.939
104,256,49.814
104,257,51.33
104,258,53.47
104,259,55.033
104,260,56.095
104,261,56.611
104,262,57.064
104,263,57.877
104,264,57.814
104,265,55.736
104,266,52.986
104,267,52.033
104,268,51.33
104,269,48.861
104,270,45.705
104,271,41.548
104,272,35.548
104,273,29.861
104,274,25.783
104,275,23.318
104,276,22.228
104,277,22.459
104,278,23.103
104,279,23.959
104,280,25.517
104,281,27.486
105,231,-0.84615
105,232,1.7652
105,233,3.8257
105,234,5.4624
105,235,6.9429
105,236,8.8791
105,237,11.51
105,238,14.162
105,239,16.261
105,240,18.263
105,241,20.65
105,242,22.955
105,243,24.634
105,244,26.275
105,245,28.494
105,246,31.384
105,247,34.478
105,248,37.306
105,249,39.884
105,250,42.017
105,251,43.439
105,252,44.502
105,253,46.017
105,254,47.377
105,255,48.611
105,256,49.892
105,257,51.408
105,258,53.283
105,259,54.97
105,260,56.017
105,261,56.58
105,262,56.658
105,263,56.877
105,264,56.845
105,265,55.423
105,266,53.923
105,267,53.47
105,268,52.845
105,269,50.783
105,270,46.939
105,271,42.142
105,272,36.947
105,273,32.064
105,274,28.752
105,275,26.267
105,276,24.853
105,277,24.97
105,278,25.853
105,279,26.572
105,280,27.595
105,281,29.377
106,231,-1.9594
106,232,1.2242
106,233,3.3531
106,234,4.8804
106,235,6.2007
106,236,7.7769
106,237,10.078
106,238,13.027
106,239,15.888
106,240,18.142
106,241,20.005
106,242,22.021
106,243,24.091
106,244,25.939
106,245,28.002
106,246,30.283
106,247,32.986
106,248,35.861
106,249,38.65
106,250,41.064
106,251,42.845
106,252,44.033
106,253,45.314
106,254,47.08
106,255,48.97
106,256,50.142
106,257,51.298
106,258,52.611
106,259,53.955
106,260,54.908
106,261,55.72
106,262,56.205
106,263,56.064
106,264,55.673
106,265,55.158
106,266,55.236
106,267,55.002
106,268,53.783
106,269,51.252
106,270,46.955
106,271,42.423
106,272,38.087
106,273,34.142
106,274,31.205
106,275,28.627
106,276,27.127
106,277,27.431
106,278,28.556
106,279,29.494
106,280,30.533
106,281,31.791
107,231,-3.4047
107,232,0.26323
107,233,2.898
107,234,4.5054
107,235,5.7925
107,236,7.1817
107,237,9.0478
107,238,11.708
107,239,14.835
107,240,17.623
107,241,19.83
107,242,21.959
107,243,24.181
107,244,26.025
107,245,27.58
107,246,29.423
107,247,31.923
107,248,34.744
107,249,37.587
107,250,40.119
107,251,42.189
107,252,43.767
107,253,45.205
107,254,46.955
107,255,48.83
107,256,50.33
107,257,51.361
107,258,52.064
107,259,53.017
107,260,54.158
107,261,55.439
107,262,56.752
107,263,57.205
107,264,56.72
107,265,55.923
107,266,56.111
107,267,56.47
107,268,55.423
107,269,52.111
107,270,47.798
107,271,43.533
107,272,39.681
107,273,36.15
107,274,33.369
107,275,31.033
107,276,29.681
107,277,30.087
107,278,31.384
107,279,32.439
107,280,32.494
107,281,32.9
108,231,-4.7758
108,232,-1.311
108,233,1.9351
108,234,3.9683
108,235,5.2925
108,236,6.6763
108,237,8.337
108,238,10.643
108,239,13.728
108,240,16.947
108,241,19.685
108,242,21.916
108,243,23.99
108,244,26.002
108,245,27.666
108,246,29.119
108,247,30.986
108,248,33.595
108,249,36.369
108,250,39.095
108,251,41.361
108,252,43.158
108,253,44.627
108,254,46.236
108,255,48.377
108,256,50.298
108,257,51.423
108,258,52.314
108,259,53.517
108,260,54.908
108,261,56.517
108,262,57.798
108,263,58.361
108,264,58.08
108,265,57.267
108,266,56.97
108,267,57.392
108,268,56.314
108,269,53.611
108,270,49.689
108,271,45.611
108,272,41.908
108,273,38.541
108,274,35.955
108,275,34.181
108,276,33.002
108,277,33.002
108,278,34.439
108,279,34.853
108,280,34.533
108,281,34.681
109,231,-5.6899
109,232,-2.8188
109,233,0.52104
109,234,3.0152
109,235,4.5445
109,236,5.979
109,237,7.7481
109,238,10.067
109,239,12.939
109,240,16.191
109,241,19.435
109,242,22.119
109,243,24.181
109,244,26.095
109,245,27.892
109,246,29.369
109,247,30.806
109,248,32.783
109,249,35.47
109,250,38.127
109,251,40.392
109,252,42.298
109,253,44.064
109,254,45.845
109,255,47.798
109,256,49.783
109,257,51.642
109,258,53.017
109,259,54.314
109,260,55.908
109,261,57.408
109,262,58.361
109,263,58.986
109,264,59.08
109,265,58.548
109,266,57.955
109,267,57.814
109,268,56.97
109,269,54.861
109,270,51.658
109,271,48.127
109,272,44.033
109,273,40.752
109,274,38.548
109,275,36.9
109,276,35.767
109,277,35.681
109,278,36.767
109,279,37.158
109,280,36.502
109,281,36.205
110,231,-6.2641
110,232,-3.9672
110,233,-1.0063
110,234,1.73
110,235,3.5914
110,236,5.2095
110,237,7.1236
110,238,9.4212
110,239,12.262
110,240,15.539
110,241,18.966
110,242,22.107
110,243,24.58
110,244,26.447
110,245,28.048
110,246,29.439
110,247,30.689
110,248,32.283
110,249,34.564
110,250,37.189
110,251,39.658
110,252,41.767
110,253,43.58
110,254,45.361
110,255,47.377
110,256,49.502
110,257,51.814
110,258,53.595
110,259,54.986
110,260,56.47
110,261,57.673
110,262,58.58
110,263,59.361
110,264,59.783
110,265,59.486
110,266,58.642
110,267,58.127
110,268,57.502
110,269,55.798
110,270,53.283
110,271,50.455
110,272,46.502
110,273,43.08
110,274,41.298
110,275,40.181
110,276,38.814
110,277,38.244
110,278,39.197
110,279,39.275
110,280,38.15
110,281,37.587
111,231,-6.6157
111,232,-4.5532
111,233,-2.0063
111,234,0.54448
111,235,2.646
111,236,4.314
111,237,6.2867
111,238,8.85
111,239,11.717
111,240,14.845
111,241,18.318
111,242,21.806
111,243,24.736
111,244,26.791
111,245,28.244
111,246,29.517
111,247,30.814
111,248,32.384
111,249,34.369
111,250,36.65
111,251,39.158
111,252,41.439
111,253,43.486
111,254,45.173
111,255,47.127
111,256,49.252
111,257,51.158
111,258,53.095
111,259,54.986
111,260,56.33
111,261,57.548
111,262,58.783
111,263,59.689
111,264,59.908
111,265,59.861
111,266,59.564
111,267,59.08
111,268,58.377
111,269,57.002
111,270,54.673
111,271,51.892
111,272,48.189
111,273,45.611
111,274,43.908
111,275,42.814
111,276,41.673
111,277,41.048
111,278,41.642
111,279,41.33
111,280,39.712
111,281,38.767
112,231,-6.7993
112,232,-4.9751
112,233,-2.686
112,234,-0.27193
112,235,1.7945
112,236,3.7398
112,237,5.9009
112,238,8.3271
112,239,11.145
112,240,14.386
112,241,17.951
112,242,21.447
112,243,24.595
112,244,26.916
112,245,28.439
112,246,29.791
112,247,31.181
112,248,32.666
112,249,34.486
112,250,36.572
112,251,38.83
112,252,41.189
112,253,43.345
112,254,45.408
112,255,47.47
112,256,49.47
112,257,51.314
112,258,52.908
112,259,54.439
112,260,55.955
112,261,57.533
112,262,58.736
112,263,59.017
112,264,59.267
112,265,59.689
112,266,59.673
112,267,59.689
112,268,59.517
112,269,58.064
112,270,55.611
112,271,52.47
112,272,49.658
112,273,47.22
112,274,46.017
112,275,45.408
112,276,44.564
112,277,43.939
112,278,44.08
112,279,43.33
112,280,41.095
112,281,39.783
113,231,-6.8188
113,232,-5.2758
113,233,-3.3266
113,234,-1.0844
113,235,1.1382
113,236,3.2984
113,237,5.6167
113,238,8.212
113,239,11.004
113,240,14.023
113,241,17.408
113,242,20.794
113,243,23.904
113,244,26.509
113,245,28.306
113,246,29.697
113,247,31.173
113,248,32.822
113,249,34.587
113,250,36.564
113,251,38.853
113,252,41.205
113,253,43.47
113,254,45.627
113,255,47.642
113,256,49.548
113,257,51.252
113,258,52.486
113,259,53.455
113,260,54.72
113,261,56.455
113,262,57.58
113,263,58.095
113,264,58.923
113,265,59.705
113,266,60.095
113,267,60.236
113,268,60.111
113,269,58.502
113,270,55.455
113,271,52.283
113,272,50.33
113,273,48.58
113,274,47.627
113,275,47.064
113,276,46.752
113,277,46.47
113,278,46.361
113,279,44.986
113,280,42.267
113,281,40.627
114,231,-6.4907
114,232,-5.1547
114,233,-3.4516
114,234,-1.5024
114,235,0.68705
114,236,3.107
114,237,5.6695
114,238,8.3837
114,239,11.177
114,240,14.003
114,241,17.017
114,242,20.15
114,243,23.115
114,244,25.877
114,245,27.877
114,246,29.158
114,247,30.689
114,248,32.533
114,249,34.4
114,250,36.423
114,251,38.611
114,252,40.861
114,253,43.127
114,254,45.377
114,255,47.47
114,256,49.158
114,257,50.564
114,258,51.892
114,259,53.142
114,260,54.283
114,261,55.658
114,262,56.752
114,263,57.58
114,264,58.705
114,265,59.502
114,266,59.892
114,267,59.736
114,268,58.658
114,269,56.439
114,270,53.83
114,271,51.705
114,272,50.58
114,273,49.423
114,274,48.47
114,275,47.83
114,276,48.33
114,277,48.705
114,278,48.689
114,279,46.939
114,280,43.345
114,281,41.314
115,231,-5.9829
115,232,-4.6743
115,233,-3.0297
115,234,-1.1899
115,235,0.89799
115,236,3.2906
115,237,5.8384
115,238,8.4808
115,239,11.322
115,240,14.209
115,241,16.939
115,242,19.619
115,243,22.345
115,244,24.994
115,245,27.048
115,246,28.431
115,247,29.955
115,248,31.908
115,249,33.923
115,250,36.048
115,251,38.322
115,252,40.611
115,253,42.939
115,254,45.252
115,255,47.314
115,256,48.658
115,257,49.814
115,258,51.392
115,259,52.642
115,260,53.736
115,261,54.955
115,262,55.986
115,263,56.83
115,264,57.611
115,265,58.111
115,266,58.22
115,267,57.158
115,268,55.642
115,269,53.908
115,270,52.923
115,271,51.97
115,272,51.189
115,273,50.502
115,274,49.502
115,275,49.189
115,276,50.095
115,277,50.642
115,278,50.736
115,279,48.408
115,280,44.127
115,281,42.002
116,231,-5.4204
116,232,-3.9907
116,233,-2.311
116,234,-0.5024
116,235,1.4097
116,236,3.5679
116,237,5.9195
116,238,8.323
116,239,11.03
116,240,14.002
116,241,16.728
116,242,19.193
116,243,21.603
116,244,23.966
116,245,26.072
116,246,27.697
116,247,29.337
116,248,31.291
116,249,33.337
116,250,35.587
116,251,37.759
116,252,40.033
116,253,42.377
116,254,44.595
116,255,46.47
116,256,48.08
116,257,49.455
116,258,50.783
116,259,52.111
116,260,53.252
116,261,54.111
116,262,54.939
116,263,55.517
116,264,56.033
116,265,56.533
116,266,56.83
116,267,57.345
116,268,57.314
116,269,56.47
116,270,55.361
116,271,54.158
116,272,53.252
116,273,51.783
116,274,50.595
116,275,50.267
116,276,51.377
116,277,52.22
116,278,52.486
116,279,49.439
116,280,44.705
116,281,42.72
117,231,-4.8813
117,232,-3.3227
117,233,-1.5415
117,234,0.32182
117,235,2.1089
117,236,3.8648
117,237,5.7622
117,238,7.8953
117,239,10.501
117,240,13.476
117,241,16.25
117,242,18.627
117,243,20.834
117,244,22.959
117,245,24.923
117,246,26.603
117,247,28.275
117,248,30.462
117,249,32.853
117,250,35.056
117,251,37.314
117,252,39.595
117,253,41.97
117,254,44.33
117,255,46.017
117,256,47.22
117,257,48.783
117,258,50.548
117,259,51.877
117,260,52.83
117,261,53.455
117,262,54.189
117,263,54.595
117,264,55.017
117,265,55.861
117,266,56.877
117,267,57.642
117,268,57.861
117,269,57.486
117,270,55.423
117,271,55.033
117,272,54.423
117,273,53.205
117,274,52.127
117,275,51.923
117,276,52.923
117,277,53.861
117,278,53.97
117,279,50.017
117,280,44.986
117,281,43.33
118,231,-4.2836
118,232,-2.4633
118,233,-0.44381
118,234,1.5132
118,235,3.1929
118,236,4.564
118,237,5.982
118,238,7.8526
118,239,10.415
118,240,13.351
118,241,16.058
118,242,18.365
118,243,20.408
118,244,22.412
118,245,24.287
118,246,25.931
118,247,27.666
118,248,29.853
118,249,32.252
118,250,34.423
118,251,36.595
118,252,38.806
118,253,40.908
118,254,42.986
118,255,44.47
118,256,45.22
118,257,46.861
118,258,49.517
118,259,51.392
118,260,52.267
118,261,52.736
118,262,53.252
118,263,53.658
118,264,54.205
118,265,54.986
118,266,55.845
118,267,56.486
118,268,56.908
118,269,56.861
118,270,57.002
118,271,56.955
118,272,55.627
118,273,54.705
118,274,53.83
118,275,53.392
118,276,54.127
118,277,55.345
118,278,55.064
118,279,50.142
118,280,45.236
118,281,43.705
119,231,-3.686
119,232,-1.5766
119,233,0.57963
119,234,2.605
119,235,4.1675
119,236,5.272
119,237,6.3384
119,238,7.9173
119,239,10.265
119,240,13.072
119,241,15.873
119,242,18.369
119,243,20.404
119,244,22.099
119,245,23.666
119,246,25.197
119,247,27.087
119,248,29.65
119,249,32.166
119,250,34.486
119,251,36.697
119,252,38.712
119,253,40.861
119,254,42.97
119,255,44.439
119,256,44.955
119,257,45.877
119,258,47.705
119,259,49.595
119,260,50.923
119,261,51.314
119,262,51.345
119,263,51.72
119,264,52.502
119,265,53.517
119,266,54.455
119,267,55.064
119,268,55.439
119,269,56.267
119,270,56.752
119,271,56.908
119,272,56.408
119,273,55.955
119,274,55.408
119,275,55.033
119,276,55.611
119,277,57.033
119,278,55.658
119,279,49.658
119,280,45.236
119,281,43.845
120,231,-3.0258
120,232,-0.58052
120,233,1.5777
120,234,3.4917
120,235,4.9097
120,236,5.7828
120,237,6.6539
120,238,8.0459
120,239,10.122
120,240,12.662
120,241,15.443
120,242,18.197
120,243,20.49
120,244,22.236
120,245,23.732
120,246,25.275
120,247,27.197
120,248,29.627
120,249,32.103
120,250,34.392
120,251,36.619
120,252,38.689
120,253,40.689
120,254,42.533
120,255,43.892
120,256,44.767
120,257,45.595
120,258,46.877
120,259,47.955
120,260,48.908
120,261,49.986
120,262,50.314
120,263,50.439
120,264,51.017
120,265,51.877
120,266,52.939
120,267,54.455
120,268,55.486
120,269,56.408
120,270,57.189
120,271,57.423
120,272,57.111
120,273,56.955
120,274,56.736
120,275,56.345
120,276,57.111
120,277,58.423
120,278,55.595
120,279,48.861
120,280,45.173
120,281,44.048
121,231,-2.2876
121,232,0.29057
121,233,2.4585
121,234,4.1695
121,235,5.3941
121,236,6.1177
121,237,6.8809
121,238,8.1963
121,239,10.11
121,240,12.425
121,241,15.062
121,242,17.877
121,243,20.447
121,244,22.392
121,245,23.877
121,246,25.439
121,247,27.502
121,248,29.853
121,249,32.252
121,250,34.658
121,251,36.986
121,252,39.033
121,253,40.814
121,254,42.689
121,255,44.033
121,256,45.002
121,257,46.158
121,258,47.517
121,259,48.814
121,260,49.72
121,261,50.283
121,262,50.673
121,263,50.861
121,264,51.064
121,265,51.752
121,266,52.752
121,267,54.095
121,268,55.533
121,269,56.58
121,270,57.142
121,271,57.439
121,272,57.455
121,273,57.736
121,274,57.923
121,275,57.877
121,276,58.845
121,277,59.017
121,278,54.158
121,279,47.658
121,280,44.955
121,281,44.048
122,231,-1.4594
122,232,1.0718
122,233,3.2027
122,234,4.7056
122,235,5.7369
122,236,6.3599
122,237,7.1578
122,238,8.4694
122,239,10.211
122,240,12.306
122,241,14.746
122,242,17.451
122,243,20.041
122,244,22.13
122,245,23.845
122,246,25.548
122,247,27.572
122,248,29.908
122,249,32.275
122,250,34.65
122,251,37.009
122,252,39.361
122,253,41.502
122,254,43.095
122,255,43.923
122,256,44.423
122,257,45.502
122,258,47.205
122,259,49.002
122,260,50.642
122,261,51.564
122,262,51.783
122,263,51.627
122,264,51.783
122,265,52.455
122,266,53.345
122,267,54.783
122,268,55.892
122,269,56.252
122,270,56.845
122,271,57.455
122,272,57.767
122,273,58.705
122,274,59.033
122,275,59.205
122,276,60.142
122,277,58.392
122,278,52.002
122,279,46.627
122,280,44.908
122,281,43.877
123,231,-0.52974
123,232,1.8121
123,233,3.7749
123,234,5.106
123,235,6.0074
123,236,6.6924
123,237,7.5821
123,238,8.857
123,239,10.377
123,240,12.25
123,241,14.58
123,242,17.138
123,243,19.556
123,244,21.681
123,245,23.697
123,246,25.767
123,247,27.923
123,248,30.189
123,249,32.494
123,250,34.72
123,251,36.931
123,252,39.056
123,253,41.142
123,254,42.877
123,255,43.767
123,256,44.283
123,257,45.283
123,258,46.955
123,259,48.642
123,260,50.017
123,261,50.845
123,262,51.142
123,263,51.267
123,264,51.767
123,265,52.595
123,266,53.705
123,267,55.22
123,268,55.986
123,269,55.861
123,270,56.47
123,271,57.455
123,272,58.533
123,273,59.83
123,274,60.111
123,275,60.611
123,276,60.72
123,277,56.658
123,278,49.955
123,279,46.048
123,280,44.861
123,281,43.158
124,231,0.30229
124,232,2.4703
124,233,4.3257
124,234,5.5347
124,235,6.2769
124,236,7.0332
124,237,8.0357
124,238,9.3543
124,239,10.791
124,240,12.346
124,241,14.41
124,242,16.861
124,243,19.275
124,244,21.455
124,245,23.556
124,246,25.798
124,247,28.173
124,248,30.556
124,249,32.837
124,250,34.994
124,251,37.095
124,252,39.134
124,253,40.736
124,254,41.72
124,255,42.627
124,256,43.689
124,257,45.267
124,258,47.048
124,259,48.548
124,260,49.923
124,261,51.017
124,262,51.533
124,263,51.939
124,264,52.533
124,265,53.423
124,266,54.392
124,267,55.392
124,268,56.017
124,269,55.83
124,270,56.22
124,271,57.642
124,272,59.111
124,273,60.361
124,274,60.955
124,275,61.627
124,276,59.97
124,277,54.111
124,278,48.252
124,279,45.814
124,280,44.564
124,281,41.877
125,231,1.1285
125,232,3.1226
125,233,4.6988
125,234,5.7847
125,235,6.6167
125,236,7.3145
125,237,8.3367
125,238,9.5733
125,239,10.862
125,240,12.452
125,241,14.468
125,242,16.759
125,243,19.138
125,244,21.318
125,245,23.392
125,246,25.595
125,247,27.986
125,248,30.447
125,249,32.83
125,250,35.041
125,251,37.158
125,252,39.119
125,253,40.627
125,254,41.767
125,255,42.736
125,256,44.017
125,257,45.705
125,258,47.236
125,259,48.486
125,260,49.736
125,261,50.892
125,262,51.83
125,263,52.72
125,264,53.33
125,265,53.705
125,266,54.267
125,267,54.877
125,268,54.923
125,269,55.002
125,270,56.533
125,271,58.392
125,272,59.798
125,273,60.97
125,274,62.048
125,275,62.033
125,276,58.017
125,277,51.627
125,278,47.314
125,279,45.705
125,280,43.752
125,281,40.033
126,231,1.8218
126,232,3.7007
126,233,5.2662
126,234,6.1812
126,235,6.7549
126,236,7.6377
126,237,8.685
126,238,9.9024
126,239,11.183
126,240,12.714
126,241,14.537
126,242,16.627
126,243,18.818
126,244,21.013
126,245,23.255
126,246,25.572
126,247,28.017
126,248,30.541
126,249,32.994
126,250,35.236
126,251,37.228
126,252,38.892
126,253,40.095
126,254,41.08
126,255,42.314
126,256,44.033
126,257,45.798
126,258,47.08
126,259,48.298
126,260,49.736
126,261,51.017
126,262,52.017
126,263,52.752
126,264,53.048
126,265,53.314
126,266,53.861
126,267,54.502
126,268,54.986
126,269,55.72
126,270,57.47
126,271,59.111
126,272,60.455
126,273,62.048
126,274,63.158
126,275,60.986
126,276,55.267
126,277,49.673
126,278,46.845
126,279,45.158
126,280,42.267
126,281,37.533
127,231,2.3511
127,232,4.1695
127,233,5.4566
127,234,6.4742
127,235,7.2032
127,236,8.1453
127,237,9.3204
127,238,10.609
127,239,11.91
127,240,13.234
127,241,14.705
127,242,16.615
127,243,18.759
127,244,20.912
127,245,23.138
127,246,25.556
127,247,28.134
127,248,30.705
127,249,33.087
127,250,35.197
127,251,37.002
127,252,38.509
127,253,39.759
127,254,41.08
127,255,42.845
127,256,44.72
127,257,46.08
127,258,47.048
127,259,48.173
127,260,49.502
127,261,50.611
127,262,51.33
127,263,51.892
127,264,52.189
127,265,52.533
127,266,53.283
127,267,54.173
127,268,55.017
127,269,56.502
127,270,58.314
127,271,59.814
127,272,61.595
127,273,63.627
127,274,63.189
127,275,58.767
127,276,52.642
127,277,48.377
127,278,46.158
127,279,43.72
127,280,40.111
127,281,33.869
128,231,2.4703
128,232,4.4742
128,233,5.7437
128,234,6.8238
128,235,7.6807
128,236,8.692
128,237,9.9737
128,238,11.427
128,239,12.808
128,240,14.023
128,241,15.199
128,242,16.791
128,243,18.798
128,244,20.939
128,245,23.181
128,246,25.595
128,247,28.158
128,248,30.642
128,249,32.837
128,250,34.744
128,251,36.455
128,252,37.916
128,253,39.33
128,254,41.08
128,255,43.205
128,256,44.908
128,257,45.908
128,258,46.705
128,259,47.798
128,260,49.048
128,261,50.002
128,262,50.595
128,263,50.986
128,264,51.345
128,265,51.986
128,266,53.095
128,267,54.33
128,268,55.861
128,269,57.58
128,270,59.173
128,271,61.064
128,272,63.408
128,273,64.423
128,274,61.705
128,275,55.97
128,276,50.533
128,277,47.345
128,278,44.861
128,279,41.705
128,280,36.962
128,281,28.955
129,231,2.4331
129,232,4.2632
129,233,5.8423
129,234,7.0767
129,235,8.0335
129,236,9.1182
129,237,10.471
129,238,11.988
129,239,13.494
129,240,14.789
129,241,15.908
129,242,17.22
129,243,18.861
129,244,20.837
129,245,23.068
129,246,25.47
129,247,27.908
129,248,30.228
129,249,32.306
129,250,34.111
129,251,35.759
129,252,37.377
129,253,39.189
129,254,41.314
129,255,43.298
129,256,44.564
129,257,45.345
129,258,46.095
129,259,47.127
129,260,48.236
129,261,49.08
129,262,49.658
129,263,50.173
129,264,50.83
129,265,51.97
129,266,53.486
129,267,55.142
129,268,56.908
129,269,58.58
129,270,60.439
129,271,62.923
129,272,64.892
129,273,63.908
129,274,59.111
129,275,53.236
129,276,48.955
129,277,46.033
129,278,43.173
129,279,39.111
129,280,32.314
129,281,24.318
130,231,2.3414
130,232,4.1949
130,233,6.0279
130,234,7.3252
130,235,8.3869
130,236,9.6128
130,237,11.085
130,238,12.656
130,239,14.181
130,240,15.521
130,241,16.716
130,242,17.884
130,243,19.236
130,244,20.916
130,245,22.966
130,246,25.275
130,247,27.564
130,248,29.697
130,249,31.658
130,250,33.47
130,251,35.252
130,252,37.158
130,253,39.197
130,254,41.189
130,255,42.705
130,256,43.673
130,257,44.408
130,258,45.189
130,259,46.205
130,260,47.267
130,261,48.236
130,262,49.048
130,263,49.783
130,264,50.814
130,265,52.439
130,266,54.345
130,267,56.205
130,268,58.064
130,269,60.048
130,270,62.595
130,271,65.002
130,272,65.158
130,273,61.814
130,274,56.033
130,275,51.048
130,276,47.423
130,277,44.392
130,278,40.83
130,279,34.97
130,280,27.205
130,281,21.798
131,231,2.1636
131,232,4.0992
131,233,6.1861
131,234,7.6834
131,235,8.8976
131,236,10.335
131,237,11.819
131,238,13.324
131,239,14.818
131,240,16.173
131,241,17.416
131,242,18.615
131,243,19.826
131,244,21.248
131,245,23.06
131,246,25.142
131,247,27.228
131,248,29.244
131,249,31.197
131,250,33.072
131,251,34.962
131,252,36.955
131,253,38.908
131,254,40.509
131,255,41.689
131,256,42.564
131,257,43.345
131,258,44.236
131,259,45.345
131,260,46.627
131,261,47.908
131,262,48.955
131,263,49.923
131,264,51.377
131,265,53.283
131,266,55.361
131,267,57.439
131,268,59.611
131,269,62.298
131,270,65.017
131,271,65.877
131,272,63.814
131,273,58.845
131,274,53.423
131,275,49.173
131,276,45.72
131,277,42.22
131,278,36.853
131,279,29.736
131,280,23.884
131,281,21.584
132,231,2.3492
132,232,4.1343
132,233,6.2398
132,234,7.9554
132,235,9.3201
132,236,10.86
132,237,12.453
132,238,13.918
132,239,15.322
132,240,16.744
132,241,18.072
132,242,19.24
132,243,20.353
132,244,21.638
132,245,23.279
132,246,25.15
132,247,27.041
132,248,28.923
132,249,30.806
132,250,32.666
132,251,34.548
132,252,36.455
132,253,38.252
132,254,39.587
132,255,40.611
132,256,41.486
132,257,42.345
132,258,43.377
132,259,44.83
132,260,46.502
132,261,47.97
132,262,49.127
132,263,50.47
132,264,52.298
132,265,54.314
132,266,56.548
132,267,58.986
132,268,61.705
132,269,64.627
132,270,66.439
132,271,65.095
132,272,60.752
132,273,55.439
132,274,51.002
132,275,47.298
132,276,43.673
132,277,38.478
132,278,31.728
132,279,25.9
132,280,23.076
132,281,22.283
133,231,2.2847
133,232,4.1812
133,233,6.2935
133,234,8.137
133,235,9.6329
133,236,11.094
133,237,12.695
133,238,14.253
133,239,15.691
133,240,17.189
133,241,18.56
133,242,19.72
133,243,20.861
133,244,22.123
133,245,23.63
133,246,25.291
133,247,27.017
133,248,28.791
133,249,30.564
133,250,32.345
133,251,34.181
133,252,35.962
133,253,37.502
133,254,38.666
133,255,39.603
133,256,40.455
133,257,41.47
133,258,42.923
133,259,44.783
133,260,46.705
133,261,48.33
133,262,49.627
133,263,51.236
133,264,53.236
133,265,55.548
133,266,58.142
133,267,60.908
133,268,63.564
133,269,66.033
133,270,66.173
133,271,62.564
133,272,57.314
133,273,52.658
133,274,49.127
133,275,45.252
133,276,39.962
133,277,33.322
133,278,27.556
133,279,24.466
133,280,23.396
133,281,22.533
134,231,2.1246
134,232,4.0855
134,233,6.2515
134,234,8.2083
134,235,9.6949
134,236,11.069
134,237,12.582
134,238,14.273
134,239,15.902
134,240,17.427
134,241,18.849
134,242,20.103
134,243,21.298
134,244,22.591
134,245,24.029
134,246,25.572
134,247,27.166
134,248,28.814
134,249,30.541
134,250,32.314
134,251,34.048
134,252,35.627
134,253,36.97
134,254,37.978
134,255,38.931
134,256,40.041
134,257,41.377
134,258,43.08
134,259,45.111
134,260,47.142
134,261,48.783
134,262,50.283
134,263,52.189
134,264,54.47
134,265,57.111
134,266,59.986
134,267,62.595
134,268,65.08
134,269,66.064
134,270,63.689
134,271,59.173
134,272,54.392
134,273,50.673
134,274,46.892
134,275,41.33
134,276,34.712
134,277,28.986
134,278,25.603
134,279,24.302
134,280,23.548
134,281,22.244
135,231,1.1773
135,232,3.5679
135,233,5.7935
135,234,7.9725
135,235,9.6822
135,236,11.077
135,237,12.478
135,238,14.041
135,239,15.687
135,240,17.271
135,241,18.818
135,242,20.302
135,243,21.685
135,244,23.06
135,245,24.529
135,246,26.048
135,247,27.564
135,248,29.095
135,249,30.744
135,250,32.47
135,251,34.08
135,252,35.455
135,253,36.572
135,254,37.627
135,255,38.861
135,256,40.236
135,257,41.752
135,258,43.611
135,259,45.752
135,260,47.72
135,261,49.408
135,262,51.22
135,263,53.455
135,264,56.017
135,265,58.767
135,266,61.361
135,267,63.83
135,268,65.533
135,269,64.127
135,270,60.267
135,271,55.752
135,272,51.642
135,273,48.158
135,274,42.533
135,275,35.728
135,276,30.095
135,277,26.642
135,278,25.087
135,279,24.38
135,280,23.228
135,281,21.505
136,231,-0.53756
136,232,2.4956
136,233,4.8736
136,234,7.2593
136,235,9.4441
136,236,11.149
136,237,12.64
136,238,14.144
136,239,15.693
136,240,17.244
136,241,18.826
136,242,20.388
136,243,21.873
136,244,23.337
136,245,24.853
136,246,26.4
136,247,27.97
136,248,29.533
136,249,31.095
136,250,32.634
136,251,34.103
136,252,35.345
136,253,36.533
136,254,37.916
136,255,39.361
136,256,40.83
136,257,42.517
136,258,44.533
136,259,46.627
136,260,48.502
136,261,50.361
136,262,52.595
136,263,55.111
136,264,57.72
136,265,60.283
136,266,62.798
136,267,64.658
136,268,64.033
136,269,60.658
136,270,56.408
136,271,52.58
136,272,48.955
136,273,43.627
136,274,36.634
136,275,30.962
136,276,27.423
136,277,25.759
136,278,24.923
136,279,23.97
136,280,22.412
136,281,20.74
137,231,-3.2211
137,232,0.52885
137,233,3.3706
137,234,5.9917
137,235,8.6641
137,236,10.971
137,237,12.832
137,238,14.472
137,239,16.035
137,240,17.587
137,241,19.142
137,242,20.712
137,243,22.232
137,244,23.681
137,245,25.134
137,246,26.65
137,247,28.252
137,248,29.861
137,249,31.384
137,250,32.814
137,251,34.22
137,252,35.502
137,253,36.939
137,254,38.572
137,255,40.166
137,256,41.814
137,257,43.673
137,258,45.689
137,259,47.689
137,260,49.611
137,261,51.798
137,262,54.267
137,263,56.752
137,264,59.298
137,265,61.877
137,266,63.689
137,267,63.595
137,268,60.767
137,269,56.892
137,270,53.267
137,271,49.173
137,272,44.048
137,273,37.291
137,274,31.4
137,275,27.931
137,276,26.283
137,277,25.408
137,278,24.459
137,279,23.08
137,280,21.509
137,281,20.087
138,231,-6.7016
138,232,-2.3579
138,233,1.2359
138,234,4.1382
138,235,7.0904
138,236,10.012
138,237,12.538
138,238,14.693
138,239,16.556
138,240,18.248
138,241,19.861
138,242,21.443
138,243,22.935
138,244,24.31
138,245,25.689
138,246,27.119
138,247,28.634
138,248,30.205
138,249,31.705
138,250,33.15
138,251,34.728
138,252,36.22
138,253,37.798
138,254,39.587
138,255,41.314
138,256,43.111
138,257,45.048
138,258,47.064
138,259,49.002
138,260,51.002
138,261,53.33
138,262,55.752
138,263,58.298
138,264,60.923
138,265,62.627
138,266,62.627
138,267,60.548
138,268,57.08
138,269,53.798
138,270,49.814
138,271,44.048
138,272,37.673
138,273,31.72
138,274,28.33
138,275,26.798
138,276,25.775
138,277,24.791
138,278,23.533
138,279,22.091
138,280,20.732
138,281,19.564
139,231,-10.303
139,232,-5.9165
139,233,-1.3461
139,234,2.2085
139,235,5.2515
139,236,8.4975
139,237,11.543
139,238,14.209
139,239,16.599
139,240,18.712
139,241,20.599
139,242,22.294
139,243,23.779
139,244,25.127
139,245,26.439
139,246,27.712
139,247,29.048
139,248,30.564
139,249,32.181
139,250,33.877
139,251,35.548
139,252,37.095
139,253,38.83
139,254,40.72
139,255,42.47
139,256,44.377
139,257,46.408
139,258,48.392
139,259,50.283
139,260,52.439
139,261,54.877
139,262,57.486
139,263,60.017
139,264,61.533
139,265,61.533
139,266,59.892
139,267,56.939
139,268,53.877
139,269,50.158
139,270,44.267
139,271,37.884
139,272,32.22
139,273,28.736
139,274,27.127
139,275,26.017
139,276,25.002
139,277,23.81
139,278,22.447
139,279,21.173
139,280,20.064
139,281,18.919
140,231,-9.5454
140,232,-9.1469
140,233,-4.3618
140,234,0.21635
140,235,3.5074
140,236,6.7022
140,237,10.176
140,238,13.25
140,239,15.898
140,240,18.345
140,241,20.595
140,242,22.568
140,243,24.263
140,244,25.775
140,245,27.166
140,246,28.416
140,247,29.658
140,248,31.095
140,249,32.791
140,250,34.619
140,251,36.322
140,252,37.986
140,253,39.783
140,254,41.673
140,255,43.517
140,256,45.533
140,257,47.627
140,258,49.611
140,259,51.689
140,260,54.142
140,261,56.814
140,262,59.033
140,263,60.173
140,264,60.189
140,265,58.986
140,266,56.548
140,267,53.673
140,268,50.002
140,269,44.173
140,270,37.845
140,271,32.798
140,272,29.275
140,273,27.4
140,274,26.314
140,275,25.283
140,276,24.115
140,277,22.709
140,278,21.451
140,279,20.388
140,280,19.33
140,281,18.021
141,231,-3.6938
141,232,-8.3735
141,233,-6.9165
141,234,-2.3774
141,235,1.98
141,236,5.3052
141,237,8.6708
141,238,12.047
141,239,14.933
141,240,17.462
141,241,19.935
141,242,22.31
141,243,24.361
141,244,26.048
141,245,27.525
141,246,28.947
141,247,30.361
141,248,31.83
141,249,33.509
141,250,35.275
141,251,37.048
141,252,38.853
141,253,40.736
141,254,42.798
141,255,44.861
141,256,46.939
141,257,49.002
141,258,51.095
141,259,53.423
141,260,55.892
141,261,57.736
141,262,58.517
141,263,58.564
141,264,57.814
141,265,56.017
141,266,53.33
141,267,49.689
141,268,44.158
141,269,37.634
141,270,33.08
141,271,30.103
141,272,27.947
141,273,26.673
141,274,25.517
141,275,24.244
141,276,22.826
141,277,21.584
141,278,20.56
141,279,19.494
141,280,18.252
141,281,16.88
142,231,4.0425
142,232,-4.1626
142,233,-6.2797
142,234,-3.811
142,235,0.23588
142,236,4.0191
142,237,7.3677
142,238,10.61
142,239,13.603
142,240,16.334
142,241,18.986
142,242,21.611
142,243,24.025
142,244,26.103
142,245,27.869
142,246,29.478
142,247,31.142
142,248,32.814
142,249,34.525
142,250,36.267
142,251,38.041
142,252,40.095
142,253,42.236
142,254,44.314
142,255,46.408
142,256,48.486
142,257,50.611
142,258,52.783
142,259,54.798
142,260,56.158
142,261,56.736
142,262,56.798
142,263,56.298
142,264,55.064
142,265,52.783
142,266,49.095
142,267,43.986
142,268,37.814
142,269,32.962
142,270,30.681
142,271,28.752
142,272,27.298
142,273,25.947
142,274,24.466
142,275,22.959
142,276,21.564
142,277,20.607
142,278,19.607
142,279,18.404
142,280,17.056
142,281,15.687
143,231,11.967
143,232,2.3218
143,233,-3.5336
143,234,-4.0102
143,235,-0.60006
143,236,3.5992
143,237,7.0132
143,238,9.9195
143,239,12.767
143,240,15.576
143,241,18.361
143,242,21.107
143,243,23.669
143,244,26.025
143,245,28.181
143,246,30.166
143,247,32.111
143,248,34.033
143,249,35.916
143,250,37.736
143,251,39.65
143,252,41.705
143,253,43.736
143,254,45.736
143,255,47.736
143,256,49.783
143,257,51.892
143,258,53.548
143,259,54.439
143,260,54.845
143,261,54.97
143,262,54.673
143,263,53.892
143,264,52.173
143,265,48.658
143,266,43.783
143,267,38.127
143,268,33.33
143,269,30.97
143,270,29.439
143,271,27.923
143,272,26.595
143,273,24.955
143,274,23.248
143,275,21.736
143,276,20.646
143,277,19.607
143,278,18.388
143,279,17.068
143,280,15.771
143,281,14.441
144,231,18.72
144,232,9.4678
144,233,2.0367
144,234,-1.8149
144,235,-0.94381
144,236,3.2046
144,237,7.4512
144,238,10.469
144,239,12.962
144,240,15.484
144,241,18.193
144,242,21.017
144,243,23.736
144,244,26.134
144,245,28.439
144,246,30.759
144,247,33.095
144,248,35.384
144,249,37.462
144,250,39.322
144,251,41.189
144,252,43.127
144,253,44.97
144,254,46.783
144,255,48.705
144,256,50.658
144,257,52.127
144,258,52.72
144,259,52.986
144,260,53.158
144,261,53.002
144,262,52.564
144,263,51.236
144,264,47.861
144,265,43.22
144,266,38.134
144,267,33.775
144,268,31.392
144,269,30.056
144,270,28.767
144,271,27.259
144,272,25.58
144,273,23.744
144,274,22.021
144,275,20.716
144,276,19.552
144,277,18.318
144,278,16.982
144,279,15.74
144,280,14.433
144,281,13.16
145,231,24.134
145,232,15.578
145,233,8.7171
145,234,3.1206
145,235,0.50151
145,236,2.2046
145,237,6.8536
145,238,10.894
145,239,13.589
145,240,15.939
145,241,18.439
145,242,21.205
145,243,23.966
145,244,26.455
145,245,28.791
145,246,31.236
145,247,33.705
145,248,36.095
145,249,38.267
145,250,40.189
145,251,42.048
145,252,43.892
145,253,45.627
145,254,47.33
145,255,49.002
145,256,50.298
145,257,50.877
145,258,51.158
145,259,51.377
145,260,51.314
145,261,51.048
145,262,50.002
145,263,46.908
145,264,42.455
145,265,37.791
145,266,33.853
145,267,31.533
145,268,30.447
145,269,29.533
145,270,28.158
145,271,26.494
145,272,24.619
145,273,22.65
145,274,21.084
145,275,19.732
145,276,18.353
145,277,16.939
145,278,15.65
145,279,14.324
145,280,13.007
145,281,11.863
146,231,29.119
146,232,20.435
146,233,14.675
146,234,9.6177
146,235,5.3697
146,236,3.6421
146,237,5.9585
146,238,10.633
146,239,14.171
146,240,16.543
146,241,18.888
146,242,21.38
146,243,24.048
146,244,26.611
146,245,29.002
146,246,31.423
146,247,33.853
146,248,36.212
146,249,38.431
146,250,40.431
146,251,42.361
146,252,44.205
146,253,45.892
146,254,47.455
146,255,48.658
146,256,49.252
146,257,49.486
146,258,49.705
146,259,49.798
146,260,49.642
146,261,48.517
146,262,45.58
146,263,41.408
146,264,37.173
146,265,33.697
146,266,31.439
146,267,30.423
146,268,29.994
146,269,29.134
146,270,27.486
146,271,25.548
146,272,23.505
146,273,21.732
146,274,20.193
146,275,18.595
146,276,17.044
146,277,15.675
146,278,14.388
146,279,12.982
146,280,11.617
146,281,10.55
147,231,34.502
147,232,24.392
147,233,19.111
147,234,15.789
147,235,11.727
147,236,8.3319
147,237,7.2745
147,238,9.9034
147,239,14.22
147,240,17.271
147,241,19.486
147,242,21.853
147,243,24.373
147,244,26.986
147,245,29.47
147,246,31.767
147,247,33.986
147,248,36.189
147,249,38.361
147,250,40.486
147,251,42.439
147,252,44.158
147,253,45.627
147,254,46.923
147,255,47.736
147,256,48.048
147,257,48.189
147,258,48.33
147,259,48.314
147,260,47.158
147,261,44.252
147,262,40.259
147,263,36.095
147,264,33.048
147,265,31.103
147,266,30.166
147,267,29.892
147,268,29.627
147,269,28.502
147,270,26.689
147,271,24.705
147,272,22.677
147,273,20.9
147,274,19.216
147,275,17.584
147,276,16.093
147,277,14.693
147,278,13.152
147,279,11.563
147,280,10.285
147,281,9.2889
148,231,40.002
148,232,28.595
148,233,22.302
148,234,20.052
148,235,17.591
148,236,14.306
148,237,11.548
148,238,11.2
148,239,14.125
148,240,17.802
148,241,20.408
148,242,22.627
148,243,25.002
148,244,27.439
148,245,29.759
148,246,31.908
148,247,33.978
148,248,36.033
148,249,38.189
148,250,40.431
148,251,42.314
148,252,43.705
148,253,44.83
148,254,45.533
148,255,45.955
148,256,46.189
148,257,46.361
148,258,46.33
148,259,45.314
148,260,42.752
148,261,39.056
148,262,35.048
148,263,32.15
148,264,30.353
148,265,29.416
148,266,29.345
148,267,29.603
148,268,29.197
148,269,27.783
148,270,25.791
148,271,23.724
148,272,21.802
148,273,19.978
148,274,18.275
148,275,16.685
148,276,15.279
148,277,13.814
148,278,12.058
148,279,10.454
148,280,9.1841
148,281,8.1592
149,231,44.345
149,232,33.877
149,233,25.337
149,234,22.802
149,235,22.248
149,236,19.912
149,237,16.642
149,238,14.464
149,239,14.927
149,240,17.947
149,241,21.146
149,242,23.63
149,243,25.994
149,244,28.205
149,245,30.306
149,246,32.361
149,247,34.291
149,248,36.267
149,249,38.431
149,250,40.58
149,251,42.142
149,252,43.127
149,253,43.627
149,254,43.892
149,255,44.064
149,256,44.236
149,257,43.923
149,258,42.548
149,259,40.291
149,260,37.33
149,261,34.017
149,262,31.345
149,263,29.587
149,264,28.494
149,265,28.197
149,266,28.712
149,267,29.173
149,268,28.658
149,269,27.111
149,270,25.103
149,271,22.962
149,272,20.974
149,273,19.216
149,274,17.544
149,275,16.009
149,276,14.55
149,277,12.984
149,278,11.174
149,279,9.6163
149,280,8.2918
149,281,7.2076
150,231,46.955
150,232,39.478
150,233,29.322
150,234,25.002
150,235,25.189
150,236,24.666
150,237,21.826
150,238,18.505
150,239,16.814
150,240,18.404
150,241,21.748
150,242,24.642
150,243,27.033
150,244,29.173
150,245,31.119
150,246,33.002
150,247,34.853
150,248,36.853
150,249,38.939
150,250,40.673
150,251,41.83
150,252,42.502
150,253,42.83
150,254,42.908
150,255,42.736
150,256,42.173
150,257,40.736
150,258,38.392
150,259,35.525
150,260,32.689
150,261,30.462
150,262,28.916
150,263,27.814
150,264,27.244
150,265,27.595
150,266,28.462
150,267,28.9
150,268,28.173
150,269,26.509
150,270,24.396
150,271,22.228
150,272,20.294
150,273,18.525
150,274,16.959
150,275,15.517
150,276,14.064
150,277,12.387
150,278,10.57
150,279,8.9208
150,280,7.4952
150,281,6.4156
151,231,48.517
151,232,44.033
151,233,34.595
151,234,28.017
151,235,26.798
151,236,27.4
151,237,26.283
151,238,22.959
151,239,19.556
151,240,19.228
151,241,21.978
151,242,25.236
151,243,27.853
151,244,29.962
151,245,31.837
151,246,33.83
151,247,35.994
151,248,37.923
151,249,39.478
151,250,40.689
151,251,41.517
151,252,42.064
151,253,42.298
151,254,42.127
151,255,41.064
151,256,39.197
151,257,36.806
151,258,34.111
151,259,31.4
151,260,29.306
151,261,28.009
151,262,27.15
151,263,26.556
151,264,26.642
151,265,27.447
151,266,28.509
151,267,28.837
151,268,27.947
151,269,26.142
151,270,23.884
151,271,21.615
151,272,19.638
151,273,17.959
151,274,16.496
151,275,15.234
151,276,13.812
151,277,12.074
151,278,10.232
151,279,8.4896
151,280,6.8531
151,281,5.8365
152,231,49.142
152,232,48.158
152,233,40.83
152,234,32.658
152,235,28.47
152,236,28.15
152,237,28.798
152,238,27.244
152,239,23.572
152,240,21.111
152,241,22.318
152,242,25.603
152,243,28.455
152,244,30.509
152,245,32.525
152,246,34.9
152,247,37.048
152,248,38.564
152,249,39.752
152,250,40.736
152,251,41.392
152,252,41.814
152,253,41.642
152,254,40.291
152,255,37.65
152,256,34.627
152,257,31.908
152,258,29.4
152,259,27.345
152,260,26.087
152,261,25.369
152,262,24.9
152,263,24.923
152,264,25.666
152,265,27.009
152,266,28.353
152,267,28.697
152,268,27.744
152,269,25.853
152,270,23.443
152,271,21.029
152,272,19.084
152,273,17.533
152,274,16.197
152,275,15.015
152,276,13.679
152,277,11.997
152,278,10.154
152,279,8.3105
152,280,6.5747
152,281,5.5289
153,231,49.205
153,232,50.486
153,233,46.548
153,234,38.814
153,235,31.806
153,236,28.627
153,237,29.009
153,238,29.822
153,239,27.595
153,240,24.099
153,241,23.552
153,242,25.814
153,243,28.83
153,244,31.283
153,245,33.548
153,246,35.673
153,247,37.306
153,248,38.611
153,249,39.712
153,250,40.377
153,251,40.877
153,252,41.064
153,253,39.798
153,254,36.689
153,255,33.095
153,256,29.986
153,257,27.533
153,258,25.541
153,259,24.177
153,260,23.466
153,261,23.021
153,262,22.83
153,263,23.138
153,264,24.255
153,265,26.048
153,266,27.759
153,267,28.236
153,268,27.306
153,269,25.439
153,270,23.025
153,271,20.462
153,272,18.564
153,273,17.173
153,274,15.919
153,275,14.763
153,276,13.556
153,277,12
153,278,10.087
153,279,8.2858
153,280,6.6729
153,281,5.6109
154,231,48.564
154,232,51.423
154,233,51.142
154,234,45.455
154,235,37.447
154,236,30.986
154,237,28.861
154,238,30.205
154,239,30.197
154,240,27.939
154,241,26.392
154,242,26.877
154,243,29.306
154,244,32.181
154,245,34.22
154,246,35.673
154,247,36.869
154,248,37.837
154,249,38.564
154,250,39.142
154,251,39.361
154,252,38.228
154,253,35.869
154,254,32.705
154,255,29.197
154,256,26.603
154,257,24.712
154,258,23.283
154,259,22.252
154,260,21.681
154,261,21.377
154,262,21.388
154,263,21.873
154,264,23.212
154,265,25.173
154,266,27.095
154,267,27.892
154,268,27.087
154,269,25.205
154,270,22.693
154,271,19.955
154,272,18.072
154,273,16.798
154,274,15.716
154,275,14.675
154,276,13.527
154,277,11.988
154,278,10.127
154,279,8.3822
154,280,6.8716
154,281,5.8247
155,231,47.47
155,232,50.955
155,233,53.158
155,234,51.142
155,235,44.439
155,236,36.517
155,237,31.15
155,238,30.345
155,239,31.041
155,240,30.548
155,241,29.587
155,242,29.259
155,243,30.181
155,244,32.15
155,245,34.033
155,246,35.228
155,247,36.087
155,248,36.923
155,249,37.384
155,250,37.158
155,251,36.564
155,252,35.205
155,253,32.955
155,254,30.048
155,255,27.119
155,256,25.072
155,257,23.576
155,258,22.357
155,259,21.404
155,260,20.709
155,261,20.326
155,262,20.369
155,263,20.869
155,264,22.056
155,265,23.974
155,266,25.955
155,267,27.142
155,268,26.744
155,269,25.15
155,270,22.603
155,271,19.748
155,272,17.669
155,273,16.412
155,274,15.49
155,275,14.57
155,276,13.439
155,277,11.986
155,278,10.273
155,279,8.5539
155,280,7.1128
155,281,6.1011
156,231,45.673
156,232,49.47
156,233,53.205
156,234,53.877
156,235,50.173
156,236,43.423
156,237,36.673
156,238,33.103
156,239,32.462
156,240,32.291
156,241,31.947
156,242,31.416
156,243,30.798
156,244,31.314
156,245,32.97
156,246,34.345
156,247,35.306
156,248,36.064
156,249,36.244
156,250,35.759
156,251,34.736
156,252,33.127
156,253,31.009
156,254,28.603
156,255,26.361
156,256,24.65
156,257,23.275
156,258,22.091
156,259,21.064
156,260,20.22
156,261,19.701
156,262,19.709
156,263,20.193
156,264,21.185
156,265,22.748
156,266,24.65
156,267,26.095
156,268,26.205
156,269,24.978
156,270,22.611
156,271,19.787
156,272,17.443
156,273,16.052
156,274,15.261
156,275,14.451
156,276,13.459
156,277,12.102
156,278,10.482
156,279,8.7826
156,280,7.354
156,281,6.3746
157,231,44.423
157,232,47.392
157,233,51.673
157,234,54.595
157,235,53.83
157,236,49.392
157,237,43.236
157,238,38.564
157,239,36.431
157,240,35.119
157,241,33.962
157,242,33.048
157,243,31.994
157,244,31.189
157,245,31.681
157,246,32.947
157,247,33.916
157,248,34.494
157,249,34.705
157,250,34.767
157,251,34.291
157,252,32.666
157,253,30.462
157,254,28.134
157,255,26.095
157,256,24.537
157,257,23.236
157,258,22.017
157,259,20.919
157,260,19.998
157,261,19.314
157,262,19.166
157,263,19.681
157,264,20.646
157,265,21.88
157,266,23.357
157,267,24.744
157,268,25.267
157,269,24.541
157,270,22.576
157,271,19.892
157,272,17.443
157,273,15.796
157,274,15.039
157,275,14.388
157,276,13.531
157,277,12.345
157,278,10.769
157,279,9.0921
157,280,7.648
157,281,6.6812
158,231,43.986
158,232,45.798
158,233,49.236
158,234,53.267
158,235,55.267
158,236,53.798
158,237,49.158
158,238,44.377
158,239,41.611
158,240,39.603
158,241,37.166
158,242,34.939
158,243,33.517
158,244,32.509
158,245,31.955
158,246,32.15
158,247,32.642
158,248,32.923
158,249,32.978
158,250,32.97
158,251,33.087
158,252,32.462
158,253,30.587
158,254,28.455
158,255,26.408
158,256,24.759
158,257,23.447
158,258,22.298
158,259,21.232
158,260,20.209
158,261,19.404
158,262,19.048
158,263,19.275
158,264,20.154
158,265,21.357
158,266,22.482
158,267,23.494
158,268,24.103
158,269,23.861
158,270,22.482
158,271,20.146
158,272,17.74
158,273,15.919
158,274,14.955
158,275,14.298
158,276,13.607
158,277,12.662
158,278,11.197
158,279,9.5137
158,280,8.0699
158,281,7.0337
159,231,43.752
159,232,45.033
159,233,47.095
159,234,50.783
159,235,54.455
159,236,55.861
159,237,53.861
159,238,49.408
159,239,45.986
159,240,44.064
159,241,41.392
159,242,38.134
159,243,35.791
159,244,34.392
159,245,33.423
159,246,32.861
159,247,32.642
159,248,32.439
159,249,32.127
159,250,31.806
159,251,31.462
159,252,31.173
159,253,30.377
159,254,28.783
159,255,27.087
159,256,25.447
159,257,24.013
159,258,22.865
159,259,21.88
159,260,20.935
159,261,20.009
159,262,19.427
159,263,19.314
159,264,19.755
159,265,20.923
159,266,22.033
159,267,22.798
159,268,23.142
159,269,23.072
159,270,22.283
159,271,20.416
159,272,18.181
159,273,16.269
159,274,15.085
159,275,14.306
159,276,13.695
159,277,12.935
159,278,11.706
159,279,10.066
159,280,8.5924
159,281,7.4502
160,231,43.189
160,232,44.705
160,233,46.127
160,234,48.423
160,235,52.048
160,236,54.986
160,237,55.72
160,238,53.845
160,239,50.486
160,240,47.798
160,241,45.33
160,242,42.298
160,243,39.291
160,244,37.025
160,245,35.494
160,246,34.455
160,247,33.72
160,248,33.181
160,249,32.642
160,250,32.064
160,251,31.244
160,252,30.244
160,253,29.33
160,254,28.345
160,255,27.087
160,256,25.791
160,257,24.728
160,258,23.736
160,259,22.724
160,260,21.857
160,261,21.084
160,262,20.416
160,263,20.041
160,264,20.134
160,265,20.775
160,266,21.627
160,267,22.31
160,268,22.529
160,269,22.502
160,270,21.99
160,271,20.752
160,272,18.818
160,273,16.896
160,274,15.523
160,275,14.548
160,276,13.927
160,277,13.273
160,278,12.3
160,279,10.803
160,280,9.3089
160,281,8.0884
161,231,42.064
161,232,43.908
161,233,45.611
161,234,47.236
161,235,49.564
161,236,52.705
161,237,54.783
161,238,55.033
161,239,53.939
161,240,51.877
161,241,49.267
161,242,46.345
161,243,43.252
161,244,40.314
161,245,37.916
161,246,36.236
161,247,35.056
161,248,34.181
161,249,33.462
161,250,32.845
161,251,32.103
161,252,31.017
161,253,29.783
161,254,28.4
161,255,27.056
161,256,25.931
161,257,24.892
161,258,24.134
161,259,23.404
161,260,22.654
161,261,21.998
161,262,21.49
161,263,21.177
161,264,21.052
161,265,21.197
161,266,21.615
161,267,22.146
161,268,22.423
161,269,22.302
161,270,21.841
161,271,21.091
161,272,19.623
161,273,17.787
161,274,16.316
161,275,15.164
161,276,14.414
161,277,13.722
161,278,12.972
161,279,11.755
161,280,10.288
161,281,9.1075
162,231,40.533
162,232,42.314
162,233,44.298
162,234,46.22
162,235,48.189
162,236,50.548
162,237,52.908
162,238,54.267
162,239,54.611
162,240,54.173
162,241,52.814
162,242,50.47
162,243,47.33
162,244,44.142
162,245,41.142
162,246,38.58
162,247,36.72
162,248,35.392
162,249,34.361
162,250,33.587
162,251,32.9
162,252,32.056
162,253,30.994
162,254,29.744
162,255,28.22
162,256,26.658
162,257,25.4
162,258,24.431
162,259,23.693
162,260,23.146
162,261,22.83
162,262,22.556
162,263,22.287
162,264,22.123
162,265,22.048
162,266,22.119
162,267,22.287
162,268,22.47
162,269,22.459
162,270,22.107
162,271,21.443
162,272,20.408
162,273,18.998
162,274,17.427
162,275,16.132
162,276,15.197
162,277,14.427
162,278,13.683
162,279,12.738
162,280,11.538
162,281,10.394
163,231,38.97
163,232,40.627
163,233,42.533
163,234,44.564
163,235,46.611
163,236,48.798
163,237,51.064
163,238,52.752
163,239,53.673
163,240,54.173
163,241,54.377
163,242,53.783
163,243,51.517
163,244,48.095
163,245,44.955
163,246,42.095
163,247,39.33
163,248,37.048
163,249,35.447
163,250,34.314
163,251,33.47
163,252,32.791
163,253,32.002
163,254,30.955
163,255,29.564
163,256,27.978
163,257,26.337
163,258,24.861
163,259,23.919
163,260,23.47
163,261,23.252
163,262,23.193
163,263,23.162
163,264,23.041
163,265,23.056
163,266,22.966
163,267,22.81
163,268,22.697
163,269,22.548
163,270,22.279
163,271,21.853
163,272,21.048
163,273,19.97
163,274,18.669
163,275,17.412
163,276,16.291
163,277,15.39
163,278,14.619
163,279,13.806
163,280,12.884
163,281,11.854
164,231,37.142
164,232,38.697
164,233,40.494
164,234,42.533
164,235,44.642
164,236,46.814
164,237,49.142
164,238,51.189
164,239,52.345
164,240,52.767
164,241,53.533
164,242,54.439
164,243,54.298
164,244,52.345
164,245,48.923
164,246,45.47
164,247,42.595
164,248,39.83
164,249,37.267
164,250,35.291
164,251,33.994
164,252,33.244
164,253,32.627
164,254,31.798
164,255,30.673
164,256,29.33
164,257,27.806
164,258,26.158
164,259,24.783
164,260,23.857
164,261,23.408
164,262,23.201
164,263,23.201
164,264,23.291
164,265,23.318
164,266,23.267
164,267,23.056
164,268,22.841
164,269,22.615
164,270,22.318
164,271,21.916
164,272,21.302
164,273,20.537
164,274,19.611
164,275,18.63
164,276,17.564
164,277,16.584
164,278,15.677
164,279,14.972
164,280,14.181
164,281,13.388
165,231,34.97
165,232,36.33
165,233,38.134
165,234,40.189
165,235,42.361
165,236,44.564
165,237,46.845
165,238,49.158
165,239,50.923
165,240,51.611
165,241,51.97
165,242,52.752
165,243,53.595
165,244,53.83
165,245,52.611
165,246,49.642
165,247,45.986
165,248,42.845
165,249,40.212
165,250,37.798
165,251,35.666
165,252,34.22
165,253,33.267
165,254,32.345
165,255,31.322
165,256,30.134
165,257,28.775
165,258,27.361
165,259,26.041
165,260,24.908
165,261,24.033
165,262,23.466
165,263,23.15
165,264,23.087
165,265,23.041
165,266,22.935
165,267,22.669
165,268,22.599
165,269,22.369
165,270,22.127
165,271,21.775
165,272,21.189
165,273,20.58
165,274,19.959
165,275,19.267
165,276,18.548
165,277,17.689
165,278,16.974
165,279,16.246
165,280,15.646
165,281,14.974
166,231,33.408
166,232,34.337
166,233,35.806
166,234,37.712
166,235,39.9
166,236,42.189
166,237,44.423
166,238,46.736
166,239,48.923
166,240,50.361
166,241,50.83
166,242,51.048
166,243,51.627
166,244,52.533
166,245,53.127
166,246,52.408
166,247,50.142
166,248,46.783
166,249,43.298
166,250,40.392
166,251,38.056
166,252,36.283
166,253,34.931
166,254,33.619
166,255,32.314
166,256,30.923
166,257,29.431
166,258,28.002
166,259,26.877
166,260,25.9
166,261,25.08
166,262,24.302
166,263,23.705
166,264,23.224
166,265,22.759
166,266,22.466
166,267,22.037
166,268,21.83
166,269,21.638
166,270,21.404
166,271,21.115
166,272,20.748
166,273,20.275
166,274,19.826
166,275,19.279
166,276,18.888
166,277,18.369
166,278,17.978
166,279,17.529
166,280,17.08
166,281,16.763
167,231,32.22
167,232,32.916
167,233,33.962
167,234,35.478
167,235,37.478
167,236,39.666
167,237,41.814
167,238,44.08
167,239,46.486
167,240,48.595
167,241,49.673
167,242,49.783
167,243,49.908
167,244,50.595
167,245,51.439
167,246,51.923
167,247,51.533
167,248,49.908
167,249,47.173
167,250,43.955
167,251,40.877
167,252,38.627
167,253,36.947
167,254,35.4
167,255,33.869
167,256,32.337
167,257,30.658
167,258,28.97
167,259,27.509
167,260,26.392
167,261,25.681
167,262,25.095
167,263,24.455
167,264,23.779
167,265,23.181
167,266,22.529
167,267,21.814
167,268,21.369
167,269,21.056
167,270,20.716
167,271,20.419
167,272,20.099
167,273,19.771
167,274,19.349
167,275,18.927
167,276,18.587
167,277,18.552
167,278,18.466
167,279,18.533
167,280,18.283
167,281,18.216
168,231,30.689
168,232,31.431
168,233,32.353
168,234,33.572
168,235,35.189
168,236,37.127
168,237,39.119
168,238,41.158
168,239,43.502
168,240,45.986
168,241,47.939
168,242,48.736
168,243,48.689
168,244,48.783
168,245,49.361
168,246,50.236
168,247,50.877
168,248,50.767
168,249,49.673
168,250,47.627
168,251,44.923
168,252,42.017
168,253,39.517
168,254,37.439
168,255,35.775
168,256,34.087
168,257,32.322
168,258,30.619
168,259,28.869
168,260,27.267
168,261,26.119
168,262,25.502
168,263,25.017
168,264,24.498
168,265,23.916
168,266,23.181
168,267,22.623
168,268,21.638
168,269,20.869
168,270,20.22
168,271,19.759
168,272,19.439
168,273,18.994
168,274,18.732
168,275,18.431
168,276,18.322
168,277,18.326
168,278,18.494
168,279,18.732
168,280,19.099
168,281,19.38
169,231,29.142
169,232,29.798
169,233,30.611
169,234,31.697
169,235,33.166
169,236,34.978
169,237,36.736
169,238,38.603
169,239,40.767
169,240,42.986
169,241,45.064
169,242,46.736
169,243,47.548
169,244,47.627
169,245,47.517
169,246,47.752
169,247,48.564
169,248,49.361
169,249,49.642
169,250,49.189
169,251,48.064
169,252,45.986
169,253,42.97
169,254,40.08
169,255,37.947
169,256,36.087
169,257,34.337
169,258,32.58
169,259,30.767
169,260,29.072
169,261,27.658
169,262,26.439
169,263,25.541
169,264,24.869
169,265,24.529
169,266,24.072
169,267,23.529
169,268,22.486
169,269,21.291
169,270,20.275
169,271,19.38
169,272,18.88
169,273,18.416
169,274,18.095
169,275,17.787
169,276,17.798
169,277,17.99
169,278,18.302
169,279,18.72
169,280,19.423
169,281,20.138
170,231,27.853
170,232,28.455
170,233,29.103
170,234,29.931
170,235,31.212
170,236,32.814
170,237,34.517
170,238,36.439
170,239,38.705
170,240,40.986
170,241,42.877
170,242,44.283
170,243,45.298
170,244,45.939
170,245,46.314
170,246,46.455
170,247,46.548
170,248,46.814
170,249,47.252
170,250,47.705
170,251,47.939
170,252,47.502
170,253,45.845
170,254,43.564
170,255,41.111
170,256,38.814
170,257,36.689
170,258,34.759
170,259,33.056
170,260,31.408
170,261,29.916
170,262,28.556
170,263,27.205
170,264,26.189
170,265,25.306
170,266,24.642
170,267,24.107
170,268,23.216
170,269,22.021
170,270,20.822
170,271,19.521
170,272,18.427
170,273,17.884
170,274,17.642
170,275,17.439
170,276,17.505
170,277,17.845
170,278,18.275
170,279,18.931
170,280,19.494
170,281,20.525
171,231,26.627
171,232,27.236
171,233,27.884
171,234,28.658
171,235,29.634
171,236,30.861
171,237,32.322
171,238,34.189
171,239,36.572
171,240,39.15
171,241,41.439
171,242,43.064
171,243,44.033
171,244,44.611
171,245,44.939
171,246,45.111
171,247,45.22
171,248,45.267
171,249,45.361
171,250,45.595
171,251,45.877
171,252,45.955
171,253,45.642
171,254,44.877
171,255,43.517
171,256,41.783
171,257,39.666
171,258,37.595
171,259,35.806
171,260,34.252
171,261,32.752
171,262,31.173
171,263,29.681
171,264,28.314
171,265,26.994
171,266,26.009
171,267,25.587
171,268,24.412
171,269,23.033
171,270,21.357
171,271,19.591
171,272,18.341
171,273,17.474
171,274,17.216
171,275,17.271
171,276,17.685
171,277,18.33
171,278,18.99
171,279,19.884
171,280,20.591
171,281,20.783
172,231,25.556
172,232,26.033
172,233,26.736
172,234,27.595
172,235,28.619
172,236,29.697
172,237,30.791
172,238,32.298
172,239,34.447
172,240,36.978
172,241,39.541
172,242,41.83
172,243,43.627
172,244,44.705
172,245,45.127
172,246,44.939
172,247,44.439
172,248,44.033
172,249,43.955
172,250,44.111
172,251,44.298
172,252,44.423
172,253,44.72
172,254,44.705
172,255,43.97
172,256,43.017
172,257,41.798
172,258,40.384
172,259,38.939
172,260,37.33
172,261,35.556
172,262,33.744
172,263,31.986
172,264,30.541
172,265,29.228
172,266,28.712
172,267,28.158
172,268,26.892
172,269,25.017
172,270,22.377
172,271,19.935
172,272,18.185
172,273,17.412
172,274,17.158
172,275,17.388
172,276,18.224
172,277,19.369
172,278,20.677
172,279,21.951
172,280,22.9
172,281,23.38
173,231,24.798
173,232,25.08
173,233,25.728
173,234,26.673
173,235,27.822
173,236,29.142
173,237,30.361
173,238,31.556
173,239,33.158
173,240,35.298
173,241,37.752
173,242,40.283
173,243,42.658
173,244,44.595
173,245,45.736
173,246,46.064
173,247,45.689
173,248,45.048
173,249,44.611
173,250,44.267
173,251,43.58
173,252,43.017
173,253,43.033
173,254,43.377
173,255,43.611
173,256,43.455
173,257,42.923
173,258,42.173
173,259,41.111
173,260,39.627
173,261,37.767
173,262,35.627
173,263,33.666
173,264,32.353
173,265,32.048
173,266,32.666
173,267,32.158
173,268,31.009
173,269,27.47
173,270,23.818
173,271,20.529
173,272,18.599
173,273,17.65
173,274,17.572
173,275,18.244
173,276,19.408
173,277,21.123
173,278,23.271
173,279,25.517
173,280,26.564
173,281,27.298
174,231,24.201
174,232,24.392
174,233,25.002
174,234,26.017
174,235,27.228
174,236,28.595
174,237,30.002
174,238,31.455
174,239,33.103
174,240,34.916
174,241,36.923
174,242,39.275
174,243,41.705
174,244,43.877
174,245,45.595
174,246,46.705
174,247,47.267
174,248,47.205
174,249,46.673
174,250,45.83
174,251,44.783
174,252,43.783
174,253,42.908
174,254,42.361
174,255,42.08
174,256,41.892
174,257,41.798
174,258,41.517
174,259,40.97
174,260,40.4
174,261,39.22
174,262,37.337
174,263,35.916
174,264,35.775
174,265,36.83
174,266,37.9
174,267,37.431
174,268,34.9
174,269,31.064
174,270,26.056
174,271,22.099
174,272,19.818
174,273,18.72
174,274,18.642
174,275,19.31
174,276,21.048
174,277,23.099
174,278,25.884
174,279,28.244
174,280,31.4
174,281,32.361
175,231,23.709
175,232,23.873
175,233,24.427
175,234,25.447
175,235,26.728
175,236,28.111
175,237,29.58
175,238,31.212
175,239,33.127
175,240,35.056
175,241,36.908
175,242,38.947
175,243,41.142
175,244,43.361
175,245,45.298
175,246,46.736
175,247,47.595
175,248,47.845
175,249,46.892
175,250,45.33
175,251,44.767
175,252,44.877
175,253,44.502
175,254,43.502
175,255,42.736
175,256,42.345
175,257,41.955
175,258,41.642
175,259,41.986
175,260,42.564
175,261,42.595
175,262,41.33
175,263,39.978
175,264,39.064
175,265,41.033
175,266,41.658
175,267,40.517
175,268,37.462
175,269,33.314
175,270,28.306
175,271,23.908
175,272,20.966
175,273,19.669
175,274,19.97
175,275,20.759
175,276,22.404
175,277,25.619
175,278,28.705
175,279,31.134
175,280,33.509
175,281,37.134
176,231,23.255
176,232,23.384
176,233,23.798
176,234,24.736
176,235,26.072
176,236,27.494
176,237,28.978
176,238,30.619
176,239,32.548
176,240,34.697
176,241,36.72
176,242,38.572
176,243,40.494
176,244,42.47
176,245,44.236
176,246,45.611
176,247,46.72
176,248,47.798
176,249,47.986
176,250,46.314
176,251,44.939
176,252,45.205
176,253,45.345
176,254,44.892
176,255,44.127
176,256,43.298
176,257,42.642
176,258,42.533
176,259,43.002
176,260,43.877
176,261,45.205
176,262,45.47
176,263,44.658
176,264,43.642
176,265,43.908
176,266,43.658
176,267,41.236
176,268,37.33
176,269,33.33
176,270,29.58
176,271,25.603
176,272,22.74
176,273,21.775
176,274,21.83
176,275,23.689
176,276,25.681
176,277,28.83
176,278,32.142
176,279,34.658
176,280,37.205
176,281,39.002
177,231,22.826
177,232,22.923
177,233,23.142
177,234,23.822
177,235,25.166
177,236,26.673
177,237,28.111
177,238,29.642
177,239,31.447
177,240,33.603
177,241,35.837
177,242,37.837
177,243,39.58
177,244,41.173
177,245,42.58
177,246,43.908
177,247,45.283
177,248,46.783
177,249,48.314
177,250,48.689
177,251,47.548
177,252,46.236
177,253,45.72
177,254,45.689
177,255,45.205
177,256,43.986
177,257,42.798
177,258,42.439
177,259,42.986
177,260,43.923
177,261,44.986
177,262,45.533
177,263,44.83
177,264,43.689
177,265,44.205
177,266,43.47
177,267,40.845
177,268,37.252
177,269,33.541
177,270,30.197
177,271,28.369
177,272,26.478
177,273,25.712
177,274,25.861
177,275,26.658
177,276,29.072
177,277,31.877
177,278,34.65
177,279,37.869
177,280,40.525
177,281,43.111
178,231,22.404
178,232,22.439
178,233,22.572
178,234,22.99
178,235,24.08
178,236,25.564
178,237,27.017
178,238,28.47
178,239,30.197
178,240,32.33
178,241,34.556
178,242,36.587
178,243,38.291
178,244,39.767
178,245,41.033
178,246,42.158
178,247,43.502
178,248,44.939
178,249,46.377
178,250,47.861
178,251,48.611
178,252,47.595
178,253,45.752
178,254,44.689
178,255,44.189
178,256,43.673
178,257,43.173
178,258,42.955
178,259,42.923
178,260,43.017
178,261,43.142
178,262,43.236
178,263,42.158
178,264,40.955
178,265,40.595
178,266,41.236
178,267,39.556
178,268,37.189
178,269,35.095
178,270,33.377
178,271,30.978
178,272,30.009
178,273,29.181
178,274,28.673
178,275,30.181
178,276,32.173
178,277,34.798
178,278,37.369
178,279,39.634
178,280,42.173
178,281,45.283
179,231,22.084
179,232,21.978
179,233,22.002
179,234,22.22
179,235,23.025
179,236,24.408
179,237,25.884
179,238,27.4
179,239,29.15
179,240,31.212
179,241,33.369
179,242,35.353
179,243,37.048
179,244,38.502
179,245,39.72
179,246,40.752
179,247,41.814
179,248,42.986
179,249,44.017
179,250,45.298
179,251,47.017
179,252,47.767
179,253,46.689
179,254,44.705
179,255,43.361
179,256,43.095
179,257,43.002
179,258,42.673
179,259,42.111
179,260,41.58
179,261,40.83
179,262,40.189
179,263,39.392
179,264,38.455
179,265,37.923
179,266,38.095
179,267,37.478
179,268,36.353
179,269,35.494
179,270,35.212
179,271,34.408
179,272,32.595
179,273,32.119
179,274,31.173
179,275,32.173
179,276,35.627
179,277,37.759
179,278,39.853
179,279,41.814
179,280,43.58
179,281,45.986
180,231,21.607
180,232,21.478
180,233,21.482
180,234,21.716
180,235,22.361
180,236,23.478
180,237,24.853
180,238,26.353
180,239,28.095
180,240,30.158
180,241,32.314
180,242,34.22
180,243,35.845
180,244,37.298
180,245,38.517
180,246,39.478
180,247,40.353
180,248,41.236
180,249,41.986
180,250,42.923
180,251,44.595
180,252,46.564
180,253,47.236
180,254,46.22
180,255,44.845
180,256,43.705
180,257,42.642
180,258,41.486
180,259,40.228
180,260,39.127
180,261,38.369
180,262,37.431
180,263,36.884
180,264,36.259
180,265,36.009
180,266,35.791
180,267,35.103
180,268,34.595
180,269,34.556
180,270,35.166
180,271,36.127
180,272,36.494
180,273,35.791
180,274,34.509
180,275,34.978
180,276,38.283
180,277,41.033
180,278,41.783
180,279,43.33
180,280,44.908
180,281,46.923
181,231,20.943
181,232,20.982
181,233,21.044
181,234,21.326
181,235,21.931
181,236,22.888
181,237,24.103
181,238,25.533
181,239,27.228
181,240,29.142
181,241,31.127
181,242,33.002
181,243,34.658
181,244,36.127
181,245,37.33
181,246,38.291
181,247,39.166
181,248,39.931
181,249,40.447
181,250,40.923
181,251,42.236
181,252,44.142
181,253,45.58
181,254,46.173
181,255,46.033
181,256,45.298
181,257,43.642
181,258,41.017
181,259,38.478
181,260,36.533
181,261,35.486
181,262,34.33
181,263,33.634
181,264,33.134
181,265,32.892
181,266,32.837
181,267,33.025
181,268,32.869
181,269,33.455
181,270,34.431
181,271,36.166
181,272,38.392
181,273,39.314
181,274,38.697
181,275,38.548
181,276,40.47
181,277,42.673
181,278,43.33
181,279,44.205
181,280,45.845
181,281,47.736
182,231,20.314
182,232,20.548
182,233,20.638
182,234,20.857
182,235,21.384
182,236,22.212
182,237,23.318
182,238,24.697
182,239,26.291
182,240,28.009
182,241,29.798
182,242,31.603
182,243,33.314
182,244,34.83
182,245,36.119
182,246,37.212
182,247,38.103
182,248,38.736
182,249,39.048
182,250,39.416
182,251,40.33
182,252,41.767
182,253,43.142
182,254,44.47
182,255,45.627
182,256,46.017
182,257,44.955
182,258,41.595
182,259,37.119
182,260,33.978
182,261,32.205
182,262,31.634
182,263,31.197
182,264,30.978
182,265,30.83
182,266,30.306
182,267,30.627
182,268,31.744
182,269,32.931
182,270,34.291
182,271,36.306
182,272,39.08
182,273,41.158
182,274,41.798
182,275,41.861
182,276,42.048
182,277,43.345
182,278,44.017
182,279,44.673
182,280,46.642
182,281,48.502
183,231,19.72
183,232,20.021
183,233,20.146
183,234,20.353
183,235,20.884
183,236,21.611
183,237,22.529
183,238,23.759
183,239,25.205
183,240,26.705
183,241,28.228
183,242,29.869
183,243,31.611
183,244,33.322
183,245,34.853
183,246,36.095
183,247,36.892
183,248,37.306
183,249,37.595
183,250,38.017
183,251,38.634
183,252,39.58
183,253,40.642
183,254,41.908
183,255,43.564
183,256,45.361
183,257,45.47
183,258,42.486
183,259,37.087
183,260,32.65
183,261,30.166
183,262,30.173
183,263,30.697
183,264,31.166
183,265,31.384
183,266,30.853
183,267,30.298
183,268,30.502
183,269,32.791
183,270,34.767
183,271,36.97
183,272,39.798
183,273,42.486
183,274,43.705
183,275,43.877
183,276,43.236
183,277,43.548
183,278,44.47
183,279,45.408
183,280,47.298
183,281,49.658
184,231,19.306
184,232,19.544
184,233,19.646
184,234,19.877
184,235,20.447
184,236,21.087
184,237,21.767
184,238,22.818
184,239,24.064
184,240,25.283
184,241,26.494
184,242,27.837
184,243,29.47
184,244,31.392
184,245,33.267
184,246,34.689
184,247,35.431
184,248,35.783
184,249,36.244
184,250,36.869
184,251,37.361
184,252,37.752
184,253,38.314
184,254,39.384
184,255,41.22
184,256,43.345
184,257,44.767
184,258,43.048
184,259,37.627
184,260,32.673
184,261,29.947
184,262,29.845
184,263,30.767
184,264,31.978
184,265,32.955
184,266,33.369
184,267,33.236
184,268,32.798
184,269,33.009
184,270,34.572
184,271,36.775
184,272,40.002
184,273,42.923
184,274,44.408
184,275,44.642
184,276,44.33
184,277,44.502
184,278,45.267
184,279,46.439
184,280,48.455
184,281,51.017
185,231,18.966
185,232,19.306
185,233,19.435
185,234,19.689
185,235,20.216
185,236,20.607
185,237,21.06
185,238,21.947
185,239,23.033
185,240,24.041
185,241,25.025
185,242,26.142
185,243,27.595
185,244,29.494
185,245,31.58
185,246,33.134
185,247,33.744
185,248,34.158
185,249,34.955
185,250,35.916
185,251,36.525
185,252,36.689
185,253,36.962
185,254,37.83
185,255,39.447
185,256,41.736
185,257,43.752
185,258,42.564
185,259,38.103
185,260,33.056
185,261,30.361
185,262,29.705
185,263,30.462
185,264,31.806
185,265,33.025
185,266,34.087
185,267,35.064
185,268,35.486
185,269,35.462
185,270,35.759
185,271,36.431
185,272,38.47
185,273,42.205
185,274,44.252
185,275,45.252
185,276,45.892
185,277,46.58
185,278,47.345
185,279,48.517
185,280,50.392
185,281,52.923
